id,code,name,datetimeFirst,datetimeLast,parameters
1,ID,Indonesia,2016-01-30T01:00:00Z,2025-02-12T12:00:00Z,"[{'id': 1, 'name': 'pm10', 'units': 'µg/m³', 'displayName': None}, {'id': 2, 'name': 'pm25', 'units': 'µg/m³', 'displayName': None}, {'id': 3, 'name': 'o3', 'units': 'µg/m³', 'displayName': None}, {'id': 10, 'name': 'o3', 'units': 'ppm', 'displayName': None}, {'id': 11, 'name': 'bc', 'units': 'µg/m³', 'displayName': None}, {'id': 15, 'name': 'no2', 'units': 'ppb', 'displayName': None}, {'id': 19, 'name': 'pm1', 'units': 'µg/m³', 'displayName': None}, {'id': 21, 'name': 'co2', 'units': 'ppm', 'displayName': None}, {'id': 24, 'name': 'no', 'units': 'ppb', 'displayName': None}, {'id': 98, 'name': 'relativehumidity', 'units': '%', 'displayName': None}, {'id': 100, 'name': 'temperature', 'units': 'c', 'displayName': None}, {'id': 125, 'name': 'um003', 'units': 'particles/cm³', 'displayName': None}, {'id': 128, 'name': 'temperature', 'units': 'f', 'displayName': None}, {'id': 130, 'name': 'um025', 'units': 'particles/cm³', 'displayName': None}]"
2,MY,Malaysia,2022-11-03T21:00:00Z,2025-01-13T23:00:00Z,"[{'id': 1, 'name': 'pm10', 'units': 'µg/m³', 'displayName': None}, {'id': 2, 'name': 'pm25', 'units': 'µg/m³', 'displayName': None}, {'id': 19, 'name': 'pm1', 'units': 'µg/m³', 'displayName': None}, {'id': 98, 'name': 'relativehumidity', 'units': '%', 'displayName': None}, {'id': 100, 'name': 'temperature', 'units': 'c', 'displayName': None}, {'id': 125, 'name': 'um003', 'units': 'particles/cm³', 'displayName': None}]"
3,CL,Chile,2016-01-30T01:00:00Z,2025-02-12T10:00:00Z,"[{'id': 1, 'name': 'pm10', 'units': 'µg/m³', 'displayName': None}, {'id': 2, 'name': 'pm25', 'units': 'µg/m³', 'displayName': None}, {'id': 3, 'name': 'o3', 'units': 'µg/m³', 'displayName': None}, {'id': 4, 'name': 'co', 'units': 'µg/m³', 'displayName': None}, {'id': 5, 'name': 'no2', 'units': 'µg/m³', 'displayName': None}, {'id': 6, 'name': 'so2', 'units': 'µg/m³', 'displayName': None}, {'id': 19, 'name': 'pm1', 'units': 'µg/m³', 'displayName': None}, {'id': 98, 'name': 'relativehumidity', 'units': '%', 'displayName': None}, {'id': 100, 'name': 'temperature', 'units': 'c', 'displayName': None}, {'id': 125, 'name': 'um003', 'units': 'particles/cm³', 'displayName': None}]"
5,PE,Peru,2016-03-04T17:00:00Z,2025-02-12T12:00:00Z,"[{'id': 1, 'name': 'pm10', 'units': 'µg/m³', 'displayName': None}, {'id': 2, 'name': 'pm25', 'units': 'µg/m³', 'displayName': None}, {'id': 3, 'name': 'o3', 'units': 'µg/m³', 'displayName': None}, {'id': 4, 'name': 'co', 'units': 'µg/m³', 'displayName': None}, {'id': 5, 'name': 'no2', 'units': 'µg/m³', 'displayName': None}, {'id': 6, 'name': 'so2', 'units': 'µg/m³', 'displayName': None}, {'id': 7, 'name': 'no2', 'units': 'ppm', 'displayName': None}, {'id': 8, 'name': 'co', 'units': 'ppm', 'displayName': None}, {'id': 9, 'name': 'so2', 'units': 'ppm', 'displayName': None}, {'id': 10, 'name': 'o3', 'units': 'ppm', 'displayName': None}, {'id': 19, 'name': 'pm1', 'units': 'µg/m³', 'displayName': None}, {'id': 98, 'name': 'relativehumidity', 'units': '%', 'displayName': None}, {'id': 100, 'name': 'temperature', 'units': 'c', 'displayName': None}, {'id': 125, 'name': 'um003', 'units': 'particles/cm³', 'displayName': None}]"
6,AR,Argentina,2016-01-01T03:00:00Z,2025-02-13T03:00:00Z,"[{'id': 1, 'name': 'pm10', 'units': 'µg/m³', 'displayName': None}, {'id': 2, 'name': 'pm25', 'units': 'µg/m³', 'displayName': None}, {'id': 3, 'name': 'o3', 'units': 'µg/m³', 'displayName': None}, {'id': 4, 'name': 'co', 'units': 'µg/m³', 'displayName': None}, {'id': 5, 'name': 'no2', 'units': 'µg/m³', 'displayName': None}, {'id': 6, 'name': 'so2', 'units': 'µg/m³', 'displayName': None}, {'id': 7, 'name': 'no2', 'units': 'ppm', 'displayName': None}, {'id': 8, 'name': 'co', 'units': 'ppm', 'displayName': None}, {'id': 19, 'name': 'pm1', 'units': 'µg/m³', 'displayName': None}, {'id': 27, 'name': 'nox', 'units': 'µg/m³', 'displayName': None}, {'id': 98, 'name': 'relativehumidity', 'units': '%', 'displayName': None}, {'id': 100, 'name': 'temperature', 'units': 'c', 'displayName': None}, {'id': 125, 'name': 'um003', 'units': 'particles/cm³', 'displayName': None}, {'id': 128, 'name': 'temperature', 'units': 'f', 'displayName': None}, {'id': 19843, 'name': 'no', 'units': 'µg/m³', 'displayName': None}]"
7,-99,Dhekelia,2023-03-19T01:00:00Z,2025-02-12T12:00:00Z,"[{'id': 1, 'name': 'pm10', 'units': 'µg/m³', 'displayName': None}, {'id': 2, 'name': 'pm25', 'units': 'µg/m³', 'displayName': None}, {'id': 3, 'name': 'o3', 'units': 'µg/m³', 'displayName': None}, {'id': 5, 'name': 'no2', 'units': 'µg/m³', 'displayName': None}, {'id': 6, 'name': 'so2', 'units': 'µg/m³', 'displayName': None}, {'id': 27, 'name': 'nox', 'units': 'µg/m³', 'displayName': None}, {'id': 19843, 'name': 'no', 'units': 'µg/m³', 'displayName': None}]"
8,CY,Cyprus,2020-04-20T16:00:00Z,2025-02-12T12:00:00Z,"[{'id': 1, 'name': 'pm10', 'units': 'µg/m³', 'displayName': None}, {'id': 2, 'name': 'pm25', 'units': 'µg/m³', 'displayName': None}, {'id': 3, 'name': 'o3', 'units': 'µg/m³', 'displayName': None}, {'id': 4, 'name': 'co', 'units': 'µg/m³', 'displayName': None}, {'id': 5, 'name': 'no2', 'units': 'µg/m³', 'displayName': None}, {'id': 6, 'name': 'so2', 'units': 'µg/m³', 'displayName': None}, {'id': 19, 'name': 'pm1', 'units': 'µg/m³', 'displayName': None}, {'id': 27, 'name': 'nox', 'units': 'µg/m³', 'displayName': None}, {'id': 98, 'name': 'relativehumidity', 'units': '%', 'displayName': None}, {'id': 100, 'name': 'temperature', 'units': 'c', 'displayName': None}, {'id': 125, 'name': 'um003', 'units': 'particles/cm³', 'displayName': None}, {'id': 19843, 'name': 'no', 'units': 'µg/m³', 'displayName': None}]"
9,IN,India,2016-01-30T00:30:00Z,2025-02-12T11:30:00Z,"[{'id': 1, 'name': 'pm10', 'units': 'µg/m³', 'displayName': None}, {'id': 2, 'name': 'pm25', 'units': 'µg/m³', 'displayName': None}, {'id': 3, 'name': 'o3', 'units': 'µg/m³', 'displayName': None}, {'id': 4, 'name': 'co', 'units': 'µg/m³', 'displayName': None}, {'id': 5, 'name': 'no2', 'units': 'µg/m³', 'displayName': None}, {'id': 6, 'name': 'so2', 'units': 'µg/m³', 'displayName': None}, {'id': 10, 'name': 'o3', 'units': 'ppm', 'displayName': None}, {'id': 19, 'name': 'pm1', 'units': 'µg/m³', 'displayName': None}, {'id': 22, 'name': 'wind_direction', 'units': 'deg', 'displayName': None}, {'id': 34, 'name': 'wind_speed', 'units': 'm/s', 'displayName': None}, {'id': 95, 'name': 'pressure', 'units': 'hpa', 'displayName': None}, {'id': 98, 'name': 'relativehumidity', 'units': '%', 'displayName': None}, {'id': 100, 'name': 'temperature', 'units': 'c', 'displayName': None}, {'id': 102, 'name': 'co', 'units': 'ppb', 'displayName': None}, {'id': 125, 'name': 'um003', 'units': 'particles/cm³', 'displayName': None}]"
10,CN,China,2016-01-01T01:00:00Z,2025-02-12T12:00:00Z,"[{'id': 1, 'name': 'pm10', 'units': 'µg/m³', 'displayName': None}, {'id': 2, 'name': 'pm25', 'units': 'µg/m³', 'displayName': None}, {'id': 3, 'name': 'o3', 'units': 'µg/m³', 'displayName': None}, {'id': 4, 'name': 'co', 'units': 'µg/m³', 'displayName': None}, {'id': 5, 'name': 'no2', 'units': 'µg/m³', 'displayName': None}, {'id': 6, 'name': 'so2', 'units': 'µg/m³', 'displayName': None}, {'id': 9, 'name': 'so2', 'units': 'ppm', 'displayName': None}, {'id': 10, 'name': 'o3', 'units': 'ppm', 'displayName': None}, {'id': 19, 'name': 'pm1', 'units': 'µg/m³', 'displayName': None}, {'id': 98, 'name': 'relativehumidity', 'units': '%', 'displayName': None}, {'id': 100, 'name': 'temperature', 'units': 'c', 'displayName': None}, {'id': 125, 'name': 'um003', 'units': 'particles/cm³', 'displayName': None}]"
11,IL,Israel,2016-01-01T01:00:00Z,2025-01-13T23:00:00Z,"[{'id': 1, 'name': 'pm10', 'units': 'µg/m³', 'displayName': None}, {'id': 2, 'name': 'pm25', 'units': 'µg/m³', 'displayName': None}, {'id': 7, 'name': 'no2', 'units': 'ppm', 'displayName': None}, {'id': 8, 'name': 'co', 'units': 'ppm', 'displayName': None}, {'id': 9, 'name': 'so2', 'units': 'ppm', 'displayName': None}, {'id': 10, 'name': 'o3', 'units': 'ppm', 'displayName': None}, {'id': 15, 'name': 'no2', 'units': 'ppb', 'displayName': None}, {'id': 19, 'name': 'pm1', 'units': 'µg/m³', 'displayName': None}, {'id': 23, 'name': 'nox', 'units': 'ppb', 'displayName': None}, {'id': 24, 'name': 'no', 'units': 'ppb', 'displayName': None}, {'id': 32, 'name': 'o3', 'units': 'ppb', 'displayName': None}, {'id': 35, 'name': 'no', 'units': 'ppm', 'displayName': None}, {'id': 98, 'name': 'relativehumidity', 'units': '%', 'displayName': None}, {'id': 100, 'name': 'temperature', 'units': 'c', 'displayName': None}, {'id': 101, 'name': 'so2', 'units': 'ppb', 'displayName': None}, {'id': 125, 'name': 'um003', 'units': 'particles/cm³', 'displayName': None}, {'id': 19840, 'name': 'nox', 'units': 'ppm', 'displayName': None}]"
12,PS,Palestine,2017-08-10T23:00:00Z,2025-01-08T17:25:00Z,"[{'id': 1, 'name': 'pm10', 'units': 'µg/m³', 'displayName': None}, {'id': 2, 'name': 'pm25', 'units': 'µg/m³', 'displayName': None}, {'id': 7, 'name': 'no2', 'units': 'ppm', 'displayName': None}, {'id': 8, 'name': 'co', 'units': 'ppm', 'displayName': None}, {'id': 9, 'name': 'so2', 'units': 'ppm', 'displayName': None}, {'id': 10, 'name': 'o3', 'units': 'ppm', 'displayName': None}, {'id': 15, 'name': 'no2', 'units': 'ppb', 'displayName': None}, {'id': 23, 'name': 'nox', 'units': 'ppb', 'displayName': None}, {'id': 24, 'name': 'no', 'units': 'ppb', 'displayName': None}, {'id': 32, 'name': 'o3', 'units': 'ppb', 'displayName': None}, {'id': 35, 'name': 'no', 'units': 'ppm', 'displayName': None}, {'id': 101, 'name': 'so2', 'units': 'ppb', 'displayName': None}, {'id': 19840, 'name': 'nox', 'units': 'ppm', 'displayName': None}]"
14,ET,Ethiopia,2016-08-18T23:00:00Z,2025-02-12T12:00:00Z,"[{'id': 2, 'name': 'pm25', 'units': 'µg/m³', 'displayName': None}]"
15,SS,South Sudan,2024-09-13T15:00:00Z,2025-01-13T23:00:00Z,"[{'id': 1, 'name': 'pm10', 'units': 'µg/m³', 'displayName': None}, {'id': 2, 'name': 'pm25', 'units': 'µg/m³', 'displayName': None}, {'id': 19, 'name': 'pm1', 'units': 'µg/m³', 'displayName': None}, {'id': 98, 'name': 'relativehumidity', 'units': '%', 'displayName': None}, {'id': 100, 'name': 'temperature', 'units': 'c', 'displayName': None}, {'id': 125, 'name': 'um003', 'units': 'particles/cm³', 'displayName': None}]"
17,KE,Kenya,2018-04-21T00:00:00Z,2025-02-12T12:00:00Z,"[{'id': 1, 'name': 'pm10', 'units': 'µg/m³', 'displayName': None}, {'id': 2, 'name': 'pm25', 'units': 'µg/m³', 'displayName': None}, {'id': 15, 'name': 'no2', 'units': 'ppb', 'displayName': None}, {'id': 19, 'name': 'pm1', 'units': 'µg/m³', 'displayName': None}, {'id': 98, 'name': 'relativehumidity', 'units': '%', 'displayName': None}, {'id': 100, 'name': 'temperature', 'units': 'c', 'displayName': None}, {'id': 125, 'name': 'um003', 'units': 'particles/cm³', 'displayName': None}, {'id': 128, 'name': 'temperature', 'units': 'f', 'displayName': None}]"
22,FR,France,2016-11-21T11:00:00Z,2025-02-12T10:04:57.826Z,"[{'id': 1, 'name': 'pm10', 'units': 'µg/m³', 'displayName': None}, {'id': 2, 'name': 'pm25', 'units': 'µg/m³', 'displayName': None}, {'id': 3, 'name': 'o3', 'units': 'µg/m³', 'displayName': None}, {'id': 4, 'name': 'co', 'units': 'µg/m³', 'displayName': None}, {'id': 5, 'name': 'no2', 'units': 'µg/m³', 'displayName': None}, {'id': 6, 'name': 'so2', 'units': 'µg/m³', 'displayName': None}, {'id': 19, 'name': 'pm1', 'units': 'µg/m³', 'displayName': None}, {'id': 98, 'name': 'relativehumidity', 'units': '%', 'displayName': None}, {'id': 100, 'name': 'temperature', 'units': 'c', 'displayName': None}, {'id': 125, 'name': 'um003', 'units': 'particles/cm³', 'displayName': None}, {'id': 19843, 'name': 'no', 'units': 'µg/m³', 'displayName': None}]"
24,GY,Guyana,2024-10-02T12:00:00Z,2025-01-13T23:00:00Z,"[{'id': 1, 'name': 'pm10', 'units': 'µg/m³', 'displayName': None}, {'id': 2, 'name': 'pm25', 'units': 'µg/m³', 'displayName': None}, {'id': 19, 'name': 'pm1', 'units': 'µg/m³', 'displayName': None}, {'id': 98, 'name': 'relativehumidity', 'units': '%', 'displayName': None}, {'id': 100, 'name': 'temperature', 'units': 'c', 'displayName': None}, {'id': 125, 'name': 'um003', 'units': 'particles/cm³', 'displayName': None}]"
25,KR,Republic of Korea,2020-10-12T06:00:00Z,2025-02-12T12:00:00Z,"[{'id': 1, 'name': 'pm10', 'units': 'µg/m³', 'displayName': None}, {'id': 2, 'name': 'pm25', 'units': 'µg/m³', 'displayName': None}, {'id': 7, 'name': 'no2', 'units': 'ppm', 'displayName': None}, {'id': 8, 'name': 'co', 'units': 'ppm', 'displayName': None}, {'id': 9, 'name': 'so2', 'units': 'ppm', 'displayName': None}, {'id': 10, 'name': 'o3', 'units': 'ppm', 'displayName': None}, {'id': 19, 'name': 'pm1', 'units': 'µg/m³', 'displayName': None}, {'id': 98, 'name': 'relativehumidity', 'units': '%', 'displayName': None}, {'id': 100, 'name': 'temperature', 'units': 'c', 'displayName': None}, {'id': 125, 'name': 'um003', 'units': 'particles/cm³', 'displayName': None}]"
27,MA,Morocco,2024-04-04T10:00:00Z,2025-01-13T23:00:00Z,"[{'id': 1, 'name': 'pm10', 'units': 'µg/m³', 'displayName': None}, {'id': 2, 'name': 'pm25', 'units': 'µg/m³', 'displayName': None}, {'id': 19, 'name': 'pm1', 'units': 'µg/m³', 'displayName': None}, {'id': 98, 'name': 'relativehumidity', 'units': '%', 'displayName': None}, {'id': 100, 'name': 'temperature', 'units': 'c', 'displayName': None}, {'id': 125, 'name': 'um003', 'units': 'particles/cm³', 'displayName': None}]"
29,CR,Costa Rica,2019-10-28T18:00:00Z,2025-02-12T12:00:00Z,"[{'id': 2, 'name': 'pm25', 'units': 'µg/m³', 'displayName': None}]"
32,CD,Democratic Republic of the Congo,2022-06-16T17:00:00Z,2025-02-12T12:00:00Z,"[{'id': 2, 'name': 'pm25', 'units': 'µg/m³', 'displayName': None}]"
34,UA,Ukraine,2023-09-12T17:00:00Z,2025-01-13T23:00:00Z,"[{'id': 1, 'name': 'pm10', 'units': 'µg/m³', 'displayName': None}, {'id': 2, 'name': 'pm25', 'units': 'µg/m³', 'displayName': None}, {'id': 19, 'name': 'pm1', 'units': 'µg/m³', 'displayName': None}, {'id': 98, 'name': 'relativehumidity', 'units': '%', 'displayName': None}, {'id': 100, 'name': 'temperature', 'units': 'c', 'displayName': None}, {'id': 125, 'name': 'um003', 'units': 'particles/cm³', 'displayName': None}]"
37,ZA,South Africa,2016-02-14T08:00:00Z,2025-01-13T23:00:00Z,"[{'id': 1, 'name': 'pm10', 'units': 'µg/m³', 'displayName': None}, {'id': 2, 'name': 'pm25', 'units': 'µg/m³', 'displayName': None}, {'id': 3, 'name': 'o3', 'units': 'µg/m³', 'displayName': None}, {'id': 4, 'name': 'co', 'units': 'µg/m³', 'displayName': None}, {'id': 5, 'name': 'no2', 'units': 'µg/m³', 'displayName': None}, {'id': 6, 'name': 'so2', 'units': 'µg/m³', 'displayName': None}, {'id': 7, 'name': 'no2', 'units': 'ppm', 'displayName': None}, {'id': 8, 'name': 'co', 'units': 'ppm', 'displayName': None}, {'id': 9, 'name': 'so2', 'units': 'ppm', 'displayName': None}, {'id': 10, 'name': 'o3', 'units': 'ppm', 'displayName': None}, {'id': 19, 'name': 'pm1', 'units': 'µg/m³', 'displayName': None}, {'id': 35, 'name': 'no', 'units': 'ppm', 'displayName': None}, {'id': 98, 'name': 'relativehumidity', 'units': '%', 'displayName': None}, {'id': 100, 'name': 'temperature', 'units': 'c', 'displayName': None}, {'id': 125, 'name': 'um003', 'units': 'particles/cm³', 'displayName': None}, {'id': 128, 'name': 'temperature', 'units': 'f', 'displayName': None}, {'id': 19840, 'name': 'nox', 'units': 'ppm', 'displayName': None}, {'id': 19843, 'name': 'no', 'units': 'µg/m³', 'displayName': None}]"
38,MF,Saint-Martin,2024-01-28T23:00:00Z,2025-02-12T07:00:00Z,"[{'id': 1, 'name': 'pm10', 'units': 'µg/m³', 'displayName': None}, {'id': 2, 'name': 'pm25', 'units': 'µg/m³', 'displayName': None}, {'id': 3, 'name': 'o3', 'units': 'µg/m³', 'displayName': None}, {'id': 5, 'name': 'no2', 'units': 'µg/m³', 'displayName': None}, {'id': 19843, 'name': 'no', 'units': 'µg/m³', 'displayName': None}]"
40,OM,Oman,2022-10-28T16:00:00Z,2024-05-20T14:00:00Z,"[{'id': 1, 'name': 'pm10', 'units': 'µg/m³', 'displayName': None}, {'id': 3, 'name': 'o3', 'units': 'µg/m³', 'displayName': None}, {'id': 4, 'name': 'co', 'units': 'µg/m³', 'displayName': None}, {'id': 5, 'name': 'no2', 'units': 'µg/m³', 'displayName': None}, {'id': 6, 'name': 'so2', 'units': 'µg/m³', 'displayName': None}]"
41,UZ,Uzbekistan,2018-11-27T22:00:00Z,2025-02-12T12:00:00Z,"[{'id': 2, 'name': 'pm25', 'units': 'µg/m³', 'displayName': None}, {'id': 10, 'name': 'o3', 'units': 'ppm', 'displayName': None}]"
42,KZ,Kazakhstan,2018-07-27T17:00:00Z,2025-02-12T12:00:00Z,"[{'id': 1, 'name': 'pm10', 'units': 'µg/m³', 'displayName': None}, {'id': 2, 'name': 'pm25', 'units': 'µg/m³', 'displayName': None}, {'id': 19, 'name': 'pm1', 'units': 'µg/m³', 'displayName': None}, {'id': 98, 'name': 'relativehumidity', 'units': '%', 'displayName': None}, {'id': 100, 'name': 'temperature', 'units': 'c', 'displayName': None}, {'id': 125, 'name': 'um003', 'units': 'particles/cm³', 'displayName': None}]"
43,TJ,Tajikistan,2019-10-20T23:00:00Z,2025-02-12T12:00:00Z,"[{'id': 1, 'name': 'pm10', 'units': 'µg/m³', 'displayName': None}, {'id': 2, 'name': 'pm25', 'units': 'µg/m³', 'displayName': None}, {'id': 19, 'name': 'pm1', 'units': 'µg/m³', 'displayName': None}, {'id': 98, 'name': 'relativehumidity', 'units': '%', 'displayName': None}, {'id': 100, 'name': 'temperature', 'units': 'c', 'displayName': None}, {'id': 125, 'name': 'um003', 'units': 'particles/cm³', 'displayName': None}, {'id': 128, 'name': 'temperature', 'units': 'f', 'displayName': None}]"
44,LT,Lithuania,2017-09-21T23:00:00Z,2025-02-12T11:00:00Z,"[{'id': 1, 'name': 'pm10', 'units': 'µg/m³', 'displayName': None}, {'id': 2, 'name': 'pm25', 'units': 'µg/m³', 'displayName': None}, {'id': 3, 'name': 'o3', 'units': 'µg/m³', 'displayName': None}, {'id': 4, 'name': 'co', 'units': 'µg/m³', 'displayName': None}, {'id': 5, 'name': 'no2', 'units': 'µg/m³', 'displayName': None}, {'id': 6, 'name': 'so2', 'units': 'µg/m³', 'displayName': None}, {'id': 19, 'name': 'pm1', 'units': 'µg/m³', 'displayName': None}, {'id': 98, 'name': 'relativehumidity', 'units': '%', 'displayName': None}, {'id': 100, 'name': 'temperature', 'units': 'c', 'displayName': None}, {'id': 125, 'name': 'um003', 'units': 'particles/cm³', 'displayName': None}]"
45,BR,Brazil,2017-07-01T00:00:00Z,2025-02-12T12:00:00Z,"[{'id': 1, 'name': 'pm10', 'units': 'µg/m³', 'displayName': None}, {'id': 2, 'name': 'pm25', 'units': 'µg/m³', 'displayName': None}, {'id': 3, 'name': 'o3', 'units': 'µg/m³', 'displayName': None}, {'id': 5, 'name': 'no2', 'units': 'µg/m³', 'displayName': None}, {'id': 6, 'name': 'so2', 'units': 'µg/m³', 'displayName': None}, {'id': 8, 'name': 'co', 'units': 'ppm', 'displayName': None}, {'id': 19, 'name': 'pm1', 'units': 'µg/m³', 'displayName': None}, {'id': 27, 'name': 'nox', 'units': 'µg/m³', 'displayName': None}, {'id': 98, 'name': 'relativehumidity', 'units': '%', 'displayName': None}, {'id': 100, 'name': 'temperature', 'units': 'c', 'displayName': None}, {'id': 125, 'name': 'um003', 'units': 'particles/cm³', 'displayName': None}, {'id': 19843, 'name': 'no', 'units': 'µg/m³', 'displayName': None}]"
46,UY,Uruguay,2023-10-19T22:00:00Z,2023-10-21T10:00:00Z,"[{'id': 2, 'name': 'pm25', 'units': 'µg/m³', 'displayName': None}, {'id': 100, 'name': 'temperature', 'units': 'c', 'displayName': None}]"
47,MN,Mongolia,2016-01-30T00:15:00Z,2025-02-12T12:00:00Z,"[{'id': 1, 'name': 'pm10', 'units': 'µg/m³', 'displayName': None}, {'id': 2, 'name': 'pm25', 'units': 'µg/m³', 'displayName': None}, {'id': 3, 'name': 'o3', 'units': 'µg/m³', 'displayName': None}, {'id': 4, 'name': 'co', 'units': 'µg/m³', 'displayName': None}, {'id': 5, 'name': 'no2', 'units': 'µg/m³', 'displayName': None}, {'id': 6, 'name': 'so2', 'units': 'µg/m³', 'displayName': None}, {'id': 19, 'name': 'pm1', 'units': 'µg/m³', 'displayName': None}, {'id': 98, 'name': 'relativehumidity', 'units': '%', 'displayName': None}, {'id': 100, 'name': 'temperature', 'units': 'c', 'displayName': None}, {'id': 125, 'name': 'um003', 'units': 'particles/cm³', 'displayName': None}]"
48,RU,Russian Federation,2016-11-21T11:00:00Z,2025-01-13T23:00:00Z,"[{'id': 1, 'name': 'pm10', 'units': 'µg/m³', 'displayName': None}, {'id': 2, 'name': 'pm25', 'units': 'µg/m³', 'displayName': None}, {'id': 3, 'name': 'o3', 'units': 'µg/m³', 'displayName': None}, {'id': 4, 'name': 'co', 'units': 'µg/m³', 'displayName': None}, {'id': 5, 'name': 'no2', 'units': 'µg/m³', 'displayName': None}, {'id': 6, 'name': 'so2', 'units': 'µg/m³', 'displayName': None}, {'id': 19, 'name': 'pm1', 'units': 'µg/m³', 'displayName': None}, {'id': 98, 'name': 'relativehumidity', 'units': '%', 'displayName': None}, {'id': 100, 'name': 'temperature', 'units': 'c', 'displayName': None}, {'id': 125, 'name': 'um003', 'units': 'particles/cm³', 'displayName': None}]"
49,CZ,Czech Republic,2016-11-21T11:00:00Z,2025-02-12T07:00:00Z,"[{'id': 1, 'name': 'pm10', 'units': 'µg/m³', 'displayName': None}, {'id': 2, 'name': 'pm25', 'units': 'µg/m³', 'displayName': None}, {'id': 3, 'name': 'o3', 'units': 'µg/m³', 'displayName': None}, {'id': 4, 'name': 'co', 'units': 'µg/m³', 'displayName': None}, {'id': 5, 'name': 'no2', 'units': 'µg/m³', 'displayName': None}, {'id': 6, 'name': 'so2', 'units': 'µg/m³', 'displayName': None}, {'id': 19, 'name': 'pm1', 'units': 'µg/m³', 'displayName': None}, {'id': 98, 'name': 'relativehumidity', 'units': '%', 'displayName': None}, {'id': 100, 'name': 'temperature', 'units': 'c', 'displayName': None}, {'id': 125, 'name': 'um003', 'units': 'particles/cm³', 'displayName': None}, {'id': 19843, 'name': 'no', 'units': 'µg/m³', 'displayName': None}]"
50,DE,Germany,2016-11-21T11:00:00Z,2025-02-12T12:00:00Z,"[{'id': 1, 'name': 'pm10', 'units': 'µg/m³', 'displayName': None}, {'id': 2, 'name': 'pm25', 'units': 'µg/m³', 'displayName': None}, {'id': 3, 'name': 'o3', 'units': 'µg/m³', 'displayName': None}, {'id': 4, 'name': 'co', 'units': 'µg/m³', 'displayName': None}, {'id': 5, 'name': 'no2', 'units': 'µg/m³', 'displayName': None}, {'id': 6, 'name': 'so2', 'units': 'µg/m³', 'displayName': None}, {'id': 19, 'name': 'pm1', 'units': 'µg/m³', 'displayName': None}, {'id': 98, 'name': 'relativehumidity', 'units': '%', 'displayName': None}, {'id': 100, 'name': 'temperature', 'units': 'c', 'displayName': None}, {'id': 125, 'name': 'um003', 'units': 'particles/cm³', 'displayName': None}, {'id': 19843, 'name': 'no', 'units': 'µg/m³', 'displayName': None}]"
51,EE,Estonia,2020-04-20T20:00:00Z,2025-02-12T07:00:00Z,"[{'id': 1, 'name': 'pm10', 'units': 'µg/m³', 'displayName': None}, {'id': 2, 'name': 'pm25', 'units': 'µg/m³', 'displayName': None}, {'id': 3, 'name': 'o3', 'units': 'µg/m³', 'displayName': None}, {'id': 4, 'name': 'co', 'units': 'µg/m³', 'displayName': None}, {'id': 5, 'name': 'no2', 'units': 'µg/m³', 'displayName': None}, {'id': 6, 'name': 'so2', 'units': 'µg/m³', 'displayName': None}]"
52,LV,Latvia,2017-09-22T10:00:00Z,2025-02-12T11:00:00Z,"[{'id': 1, 'name': 'pm10', 'units': 'µg/m³', 'displayName': None}, {'id': 2, 'name': 'pm25', 'units': 'µg/m³', 'displayName': None}, {'id': 3, 'name': 'o3', 'units': 'µg/m³', 'displayName': None}, {'id': 4, 'name': 'co', 'units': 'µg/m³', 'displayName': None}, {'id': 5, 'name': 'no2', 'units': 'µg/m³', 'displayName': None}, {'id': 6, 'name': 'so2', 'units': 'µg/m³', 'displayName': None}]"
53,NO,Norway,2016-12-02T10:00:00Z,2025-02-12T12:00:00Z,"[{'id': 1, 'name': 'pm10', 'units': 'µg/m³', 'displayName': None}, {'id': 2, 'name': 'pm25', 'units': 'µg/m³', 'displayName': None}, {'id': 3, 'name': 'o3', 'units': 'µg/m³', 'displayName': None}, {'id': 4, 'name': 'co', 'units': 'µg/m³', 'displayName': None}, {'id': 5, 'name': 'no2', 'units': 'µg/m³', 'displayName': None}, {'id': 6, 'name': 'so2', 'units': 'µg/m³', 'displayName': None}, {'id': 19, 'name': 'pm1', 'units': 'µg/m³', 'displayName': None}, {'id': 98, 'name': 'relativehumidity', 'units': '%', 'displayName': None}, {'id': 100, 'name': 'temperature', 'units': 'c', 'displayName': None}, {'id': 125, 'name': 'um003', 'units': 'particles/cm³', 'displayName': None}]"
54,SE,Sweden,2017-02-08T01:00:00Z,2025-02-12T12:00:00Z,"[{'id': 1, 'name': 'pm10', 'units': 'µg/m³', 'displayName': None}, {'id': 2, 'name': 'pm25', 'units': 'µg/m³', 'displayName': None}, {'id': 3, 'name': 'o3', 'units': 'µg/m³', 'displayName': None}, {'id': 4, 'name': 'co', 'units': 'µg/m³', 'displayName': None}, {'id': 5, 'name': 'no2', 'units': 'µg/m³', 'displayName': None}, {'id': 6, 'name': 'so2', 'units': 'µg/m³', 'displayName': None}, {'id': 19, 'name': 'pm1', 'units': 'µg/m³', 'displayName': None}, {'id': 98, 'name': 'relativehumidity', 'units': '%', 'displayName': None}, {'id': 100, 'name': 'temperature', 'units': 'c', 'displayName': None}, {'id': 125, 'name': 'um003', 'units': 'particles/cm³', 'displayName': None}, {'id': 19843, 'name': 'no', 'units': 'µg/m³', 'displayName': None}]"
55,FI,Finland,2016-12-10T19:00:00Z,2025-02-12T11:00:00Z,"[{'id': 1, 'name': 'pm10', 'units': 'µg/m³', 'displayName': None}, {'id': 2, 'name': 'pm25', 'units': 'µg/m³', 'displayName': None}, {'id': 3, 'name': 'o3', 'units': 'µg/m³', 'displayName': None}, {'id': 5, 'name': 'no2', 'units': 'µg/m³', 'displayName': None}, {'id': 6, 'name': 'so2', 'units': 'µg/m³', 'displayName': None}]"
56,VN,Vietnam,2016-01-30T01:00:00Z,2025-02-12T12:00:00Z,"[{'id': 1, 'name': 'pm10', 'units': 'µg/m³', 'displayName': None}, {'id': 2, 'name': 'pm25', 'units': 'µg/m³', 'displayName': None}, {'id': 3, 'name': 'o3', 'units': 'µg/m³', 'displayName': None}, {'id': 4, 'name': 'co', 'units': 'µg/m³', 'displayName': None}, {'id': 5, 'name': 'no2', 'units': 'µg/m³', 'displayName': None}, {'id': 6, 'name': 'so2', 'units': 'µg/m³', 'displayName': None}, {'id': 19, 'name': 'pm1', 'units': 'µg/m³', 'displayName': None}, {'id': 98, 'name': 'relativehumidity', 'units': '%', 'displayName': None}, {'id': 100, 'name': 'temperature', 'units': 'c', 'displayName': None}, {'id': 125, 'name': 'um003', 'units': 'particles/cm³', 'displayName': None}]"
58,LU,Luxembourg,2017-09-22T10:00:00Z,2025-02-12T11:00:00Z,"[{'id': 1, 'name': 'pm10', 'units': 'µg/m³', 'displayName': None}, {'id': 2, 'name': 'pm25', 'units': 'µg/m³', 'displayName': None}, {'id': 3, 'name': 'o3', 'units': 'µg/m³', 'displayName': None}, {'id': 4, 'name': 'co', 'units': 'µg/m³', 'displayName': None}, {'id': 5, 'name': 'no2', 'units': 'µg/m³', 'displayName': None}, {'id': 6, 'name': 'so2', 'units': 'µg/m³', 'displayName': None}, {'id': 19843, 'name': 'no', 'units': 'µg/m³', 'displayName': None}]"
59,AE,United Arab Emirates,2019-11-25T17:00:00Z,2025-01-13T23:00:00Z,"[{'id': 1, 'name': 'pm10', 'units': 'µg/m³', 'displayName': None}, {'id': 2, 'name': 'pm25', 'units': 'µg/m³', 'displayName': None}, {'id': 3, 'name': 'o3', 'units': 'µg/m³', 'displayName': None}, {'id': 4, 'name': 'co', 'units': 'µg/m³', 'displayName': None}, {'id': 5, 'name': 'no2', 'units': 'µg/m³', 'displayName': None}, {'id': 6, 'name': 'so2', 'units': 'µg/m³', 'displayName': None}, {'id': 19, 'name': 'pm1', 'units': 'µg/m³', 'displayName': None}, {'id': 98, 'name': 'relativehumidity', 'units': '%', 'displayName': None}, {'id': 100, 'name': 'temperature', 'units': 'c', 'displayName': None}, {'id': 125, 'name': 'um003', 'units': 'particles/cm³', 'displayName': None}]"
60,BE,Belgium,2016-11-17T23:00:00Z,2025-02-12T11:00:00Z,"[{'id': 1, 'name': 'pm10', 'units': 'µg/m³', 'displayName': None}, {'id': 2, 'name': 'pm25', 'units': 'µg/m³', 'displayName': None}, {'id': 3, 'name': 'o3', 'units': 'µg/m³', 'displayName': None}, {'id': 4, 'name': 'co', 'units': 'µg/m³', 'displayName': None}, {'id': 5, 'name': 'no2', 'units': 'µg/m³', 'displayName': None}, {'id': 6, 'name': 'so2', 'units': 'µg/m³', 'displayName': None}, {'id': 19, 'name': 'pm1', 'units': 'µg/m³', 'displayName': None}, {'id': 98, 'name': 'relativehumidity', 'units': '%', 'displayName': None}, {'id': 100, 'name': 'temperature', 'units': 'c', 'displayName': None}, {'id': 125, 'name': 'um003', 'units': 'particles/cm³', 'displayName': None}, {'id': 128, 'name': 'temperature', 'units': 'f', 'displayName': None}]"
62,MK,North Macedonia,2016-12-10T20:00:00Z,2025-01-28T16:00:00Z,"[{'id': 1, 'name': 'pm10', 'units': 'µg/m³', 'displayName': None}, {'id': 2, 'name': 'pm25', 'units': 'µg/m³', 'displayName': None}, {'id': 3, 'name': 'o3', 'units': 'µg/m³', 'displayName': None}, {'id': 4, 'name': 'co', 'units': 'µg/m³', 'displayName': None}, {'id': 5, 'name': 'no2', 'units': 'µg/m³', 'displayName': None}, {'id': 6, 'name': 'so2', 'units': 'µg/m³', 'displayName': None}, {'id': 19843, 'name': 'no', 'units': 'µg/m³', 'displayName': None}]"
64,AZ,Azerbaijan,2022-06-23T13:00:00Z,2025-02-12T12:00:00Z,"[{'id': 2, 'name': 'pm25', 'units': 'µg/m³', 'displayName': None}]"
65,XK,Kosovo,2016-04-08T20:00:00Z,2025-02-12T12:00:00Z,"[{'id': 1, 'name': 'pm10', 'units': 'µg/m³', 'displayName': None}, {'id': 2, 'name': 'pm25', 'units': 'µg/m³', 'displayName': None}, {'id': 3, 'name': 'o3', 'units': 'µg/m³', 'displayName': None}, {'id': 4, 'name': 'co', 'units': 'µg/m³', 'displayName': None}, {'id': 5, 'name': 'no2', 'units': 'µg/m³', 'displayName': None}, {'id': 6, 'name': 'so2', 'units': 'µg/m³', 'displayName': None}]"
66,TR,Turkey,2016-12-12T06:00:00Z,2025-02-12T12:00:00Z,"[{'id': 1, 'name': 'pm10', 'units': 'µg/m³', 'displayName': None}, {'id': 2, 'name': 'pm25', 'units': 'µg/m³', 'displayName': None}, {'id': 3, 'name': 'o3', 'units': 'µg/m³', 'displayName': None}, {'id': 4, 'name': 'co', 'units': 'µg/m³', 'displayName': None}, {'id': 5, 'name': 'no2', 'units': 'µg/m³', 'displayName': None}, {'id': 6, 'name': 'so2', 'units': 'µg/m³', 'displayName': None}, {'id': 15, 'name': 'no2', 'units': 'ppb', 'displayName': None}, {'id': 19, 'name': 'pm1', 'units': 'µg/m³', 'displayName': None}, {'id': 95, 'name': 'pressure', 'units': 'hpa', 'displayName': None}, {'id': 98, 'name': 'relativehumidity', 'units': '%', 'displayName': None}, {'id': 100, 'name': 'temperature', 'units': 'c', 'displayName': None}, {'id': 125, 'name': 'um003', 'units': 'particles/cm³', 'displayName': None}]"
67,ES,Spain,2016-11-17T23:00:00Z,2025-02-12T12:29:00Z,"[{'id': 1, 'name': 'pm10', 'units': 'µg/m³', 'displayName': None}, {'id': 2, 'name': 'pm25', 'units': 'µg/m³', 'displayName': None}, {'id': 3, 'name': 'o3', 'units': 'µg/m³', 'displayName': None}, {'id': 4, 'name': 'co', 'units': 'µg/m³', 'displayName': None}, {'id': 5, 'name': 'no2', 'units': 'µg/m³', 'displayName': None}, {'id': 6, 'name': 'so2', 'units': 'µg/m³', 'displayName': None}, {'id': 19, 'name': 'pm1', 'units': 'µg/m³', 'displayName': None}, {'id': 27, 'name': 'nox', 'units': 'µg/m³', 'displayName': None}, {'id': 95, 'name': 'pressure', 'units': 'hpa', 'displayName': None}, {'id': 98, 'name': 'relativehumidity', 'units': '%', 'displayName': None}, {'id': 100, 'name': 'temperature', 'units': 'c', 'displayName': None}, {'id': 125, 'name': 'um003', 'units': 'particles/cm³', 'displayName': None}, {'id': 134, 'name': 'humidity', 'units': '%', 'displayName': None}, {'id': 19843, 'name': 'no', 'units': 'µg/m³', 'displayName': None}, {'id': 19844, 'name': 'pm4', 'units': 'µg/m³', 'displayName': None}]"
68,LA,Lao PDR,2019-06-16T02:00:00Z,2025-02-12T12:00:00Z,"[{'id': 1, 'name': 'pm10', 'units': 'µg/m³', 'displayName': None}, {'id': 2, 'name': 'pm25', 'units': 'µg/m³', 'displayName': None}, {'id': 7, 'name': 'no2', 'units': 'ppm', 'displayName': None}, {'id': 8, 'name': 'co', 'units': 'ppm', 'displayName': None}, {'id': 9, 'name': 'so2', 'units': 'ppm', 'displayName': None}, {'id': 10, 'name': 'o3', 'units': 'ppm', 'displayName': None}, {'id': 19, 'name': 'pm1', 'units': 'µg/m³', 'displayName': None}, {'id': 98, 'name': 'relativehumidity', 'units': '%', 'displayName': None}, {'id': 100, 'name': 'temperature', 'units': 'c', 'displayName': None}, {'id': 125, 'name': 'um003', 'units': 'particles/cm³', 'displayName': None}]"
69,KG,Kyrgyzstan,2019-03-08T20:00:00Z,2025-02-12T12:00:00Z,"[{'id': 1, 'name': 'pm10', 'units': 'µg/m³', 'displayName': None}, {'id': 2, 'name': 'pm25', 'units': 'µg/m³', 'displayName': None}, {'id': 19, 'name': 'pm1', 'units': 'µg/m³', 'displayName': None}, {'id': 98, 'name': 'relativehumidity', 'units': '%', 'displayName': None}, {'id': 100, 'name': 'temperature', 'units': 'c', 'displayName': None}, {'id': 125, 'name': 'um003', 'units': 'particles/cm³', 'displayName': None}, {'id': 128, 'name': 'temperature', 'units': 'f', 'displayName': None}]"
121,MC,Monaco,2023-09-25T16:11:07Z,2023-09-25T16:46:07Z,"[{'id': 2, 'name': 'pm25', 'units': 'µg/m³', 'displayName': None}]"
122,DZ,Algeria,2019-06-15T22:00:00Z,2025-02-12T12:00:00Z,"[{'id': 2, 'name': 'pm25', 'units': 'µg/m³', 'displayName': None}]"
123,MZ,Mozambique,2024-01-18T19:00:00Z,2025-02-12T12:00:00Z,"[{'id': 2, 'name': 'pm25', 'units': 'µg/m³', 'displayName': None}, {'id': 10, 'name': 'o3', 'units': 'ppm', 'displayName': None}]"
70,AM,Armenia,2022-11-14T09:00:00Z,2025-02-12T10:06:47.53Z,"[{'id': 2, 'name': 'pm25', 'units': 'µg/m³', 'displayName': None}]"
71,DK,Denmark,2016-11-21T11:00:00Z,2025-02-12T11:00:00Z,"[{'id': 1, 'name': 'pm10', 'units': 'µg/m³', 'displayName': None}, {'id': 2, 'name': 'pm25', 'units': 'µg/m³', 'displayName': None}, {'id': 3, 'name': 'o3', 'units': 'µg/m³', 'displayName': None}, {'id': 4, 'name': 'co', 'units': 'µg/m³', 'displayName': None}, {'id': 5, 'name': 'no2', 'units': 'µg/m³', 'displayName': None}, {'id': 6, 'name': 'so2', 'units': 'µg/m³', 'displayName': None}, {'id': 19, 'name': 'pm1', 'units': 'µg/m³', 'displayName': None}, {'id': 98, 'name': 'relativehumidity', 'units': '%', 'displayName': None}, {'id': 100, 'name': 'temperature', 'units': 'c', 'displayName': None}, {'id': 125, 'name': 'um003', 'units': 'particles/cm³', 'displayName': None}, {'id': 19843, 'name': 'no', 'units': 'µg/m³', 'displayName': None}]"
74,RO,Romania,2020-04-19T21:00:00Z,2025-02-12T11:00:00Z,"[{'id': 1, 'name': 'pm10', 'units': 'µg/m³', 'displayName': None}, {'id': 2, 'name': 'pm25', 'units': 'µg/m³', 'displayName': None}, {'id': 3, 'name': 'o3', 'units': 'µg/m³', 'displayName': None}, {'id': 4, 'name': 'co', 'units': 'µg/m³', 'displayName': None}, {'id': 5, 'name': 'no2', 'units': 'µg/m³', 'displayName': None}, {'id': 6, 'name': 'so2', 'units': 'µg/m³', 'displayName': None}, {'id': 19, 'name': 'pm1', 'units': 'µg/m³', 'displayName': None}, {'id': 98, 'name': 'relativehumidity', 'units': '%', 'displayName': None}, {'id': 100, 'name': 'temperature', 'units': 'c', 'displayName': None}, {'id': 125, 'name': 'um003', 'units': 'particles/cm³', 'displayName': None}, {'id': 128, 'name': 'temperature', 'units': 'f', 'displayName': None}]"
75,HU,Hungary,2016-12-12T14:00:00Z,2025-02-12T23:00:00Z,"[{'id': 1, 'name': 'pm10', 'units': 'µg/m³', 'displayName': None}, {'id': 2, 'name': 'pm25', 'units': 'µg/m³', 'displayName': None}, {'id': 3, 'name': 'o3', 'units': 'µg/m³', 'displayName': None}, {'id': 4, 'name': 'co', 'units': 'µg/m³', 'displayName': None}, {'id': 5, 'name': 'no2', 'units': 'µg/m³', 'displayName': None}, {'id': 6, 'name': 'so2', 'units': 'µg/m³', 'displayName': None}, {'id': 19, 'name': 'pm1', 'units': 'µg/m³', 'displayName': None}, {'id': 98, 'name': 'relativehumidity', 'units': '%', 'displayName': None}, {'id': 100, 'name': 'temperature', 'units': 'c', 'displayName': None}, {'id': 125, 'name': 'um003', 'units': 'particles/cm³', 'displayName': None}]"
76,SK,Slovakia,2016-11-18T05:00:00Z,2025-02-12T11:00:00Z,"[{'id': 1, 'name': 'pm10', 'units': 'µg/m³', 'displayName': None}, {'id': 2, 'name': 'pm25', 'units': 'µg/m³', 'displayName': None}, {'id': 3, 'name': 'o3', 'units': 'µg/m³', 'displayName': None}, {'id': 4, 'name': 'co', 'units': 'µg/m³', 'displayName': None}, {'id': 5, 'name': 'no2', 'units': 'µg/m³', 'displayName': None}, {'id': 6, 'name': 'so2', 'units': 'µg/m³', 'displayName': None}, {'id': 19843, 'name': 'no', 'units': 'µg/m³', 'displayName': None}]"
77,PL,Poland,2016-01-30T01:00:00Z,2025-02-12T12:00:00Z,"[{'id': 1, 'name': 'pm10', 'units': 'µg/m³', 'displayName': None}, {'id': 2, 'name': 'pm25', 'units': 'µg/m³', 'displayName': None}, {'id': 3, 'name': 'o3', 'units': 'µg/m³', 'displayName': None}, {'id': 4, 'name': 'co', 'units': 'µg/m³', 'displayName': None}, {'id': 5, 'name': 'no2', 'units': 'µg/m³', 'displayName': None}, {'id': 6, 'name': 'so2', 'units': 'µg/m³', 'displayName': None}, {'id': 11, 'name': 'bc', 'units': 'µg/m³', 'displayName': None}, {'id': 19, 'name': 'pm1', 'units': 'µg/m³', 'displayName': None}, {'id': 98, 'name': 'relativehumidity', 'units': '%', 'displayName': None}, {'id': 100, 'name': 'temperature', 'units': 'c', 'displayName': None}, {'id': 125, 'name': 'um003', 'units': 'particles/cm³', 'displayName': None}, {'id': 128, 'name': 'temperature', 'units': 'f', 'displayName': None}, {'id': 19843, 'name': 'no', 'units': 'µg/m³', 'displayName': None}]"
78,IE,Ireland,2016-12-10T21:00:00Z,2025-02-12T09:51:14.225Z,"[{'id': 1, 'name': 'pm10', 'units': 'µg/m³', 'displayName': None}, {'id': 2, 'name': 'pm25', 'units': 'µg/m³', 'displayName': None}, {'id': 3, 'name': 'o3', 'units': 'µg/m³', 'displayName': None}, {'id': 4, 'name': 'co', 'units': 'µg/m³', 'displayName': None}, {'id': 5, 'name': 'no2', 'units': 'µg/m³', 'displayName': None}, {'id': 6, 'name': 'so2', 'units': 'µg/m³', 'displayName': None}, {'id': 19, 'name': 'pm1', 'units': 'µg/m³', 'displayName': None}, {'id': 98, 'name': 'relativehumidity', 'units': '%', 'displayName': None}, {'id': 100, 'name': 'temperature', 'units': 'c', 'displayName': None}, {'id': 125, 'name': 'um003', 'units': 'particles/cm³', 'displayName': None}]"
79,GB,United Kingdom,2016-01-30T01:00:00Z,2025-02-12T11:00:00Z,"[{'id': 1, 'name': 'pm10', 'units': 'µg/m³', 'displayName': None}, {'id': 2, 'name': 'pm25', 'units': 'µg/m³', 'displayName': None}, {'id': 3, 'name': 'o3', 'units': 'µg/m³', 'displayName': None}, {'id': 4, 'name': 'co', 'units': 'µg/m³', 'displayName': None}, {'id': 5, 'name': 'no2', 'units': 'µg/m³', 'displayName': None}, {'id': 6, 'name': 'so2', 'units': 'µg/m³', 'displayName': None}, {'id': 7, 'name': 'no2', 'units': 'ppm', 'displayName': None}, {'id': 19, 'name': 'pm1', 'units': 'µg/m³', 'displayName': None}, {'id': 21, 'name': 'co2', 'units': 'ppm', 'displayName': None}, {'id': 27, 'name': 'nox', 'units': 'µg/m³', 'displayName': None}, {'id': 35, 'name': 'no', 'units': 'ppm', 'displayName': None}, {'id': 98, 'name': 'relativehumidity', 'units': '%', 'displayName': None}, {'id': 100, 'name': 'temperature', 'units': 'c', 'displayName': None}, {'id': 125, 'name': 'um003', 'units': 'particles/cm³', 'displayName': None}, {'id': 19843, 'name': 'no', 'units': 'µg/m³', 'displayName': None}]"
80,GR,Greece,2020-04-20T18:00:00Z,2025-02-12T11:00:00Z,"[{'id': 1, 'name': 'pm10', 'units': 'µg/m³', 'displayName': None}, {'id': 2, 'name': 'pm25', 'units': 'µg/m³', 'displayName': None}, {'id': 3, 'name': 'o3', 'units': 'µg/m³', 'displayName': None}, {'id': 4, 'name': 'co', 'units': 'µg/m³', 'displayName': None}, {'id': 5, 'name': 'no2', 'units': 'µg/m³', 'displayName': None}, {'id': 6, 'name': 'so2', 'units': 'µg/m³', 'displayName': None}, {'id': 19, 'name': 'pm1', 'units': 'µg/m³', 'displayName': None}, {'id': 98, 'name': 'relativehumidity', 'units': '%', 'displayName': None}, {'id': 100, 'name': 'temperature', 'units': 'c', 'displayName': None}, {'id': 125, 'name': 'um003', 'units': 'particles/cm³', 'displayName': None}, {'id': 19843, 'name': 'no', 'units': 'µg/m³', 'displayName': None}]"
81,ZM,Zambia,2024-09-01T17:00:00Z,2025-01-13T23:00:00Z,"[{'id': 1, 'name': 'pm10', 'units': 'µg/m³', 'displayName': None}, {'id': 2, 'name': 'pm25', 'units': 'µg/m³', 'displayName': None}, {'id': 19, 'name': 'pm1', 'units': 'µg/m³', 'displayName': None}, {'id': 98, 'name': 'relativehumidity', 'units': '%', 'displayName': None}, {'id': 100, 'name': 'temperature', 'units': 'c', 'displayName': None}, {'id': 125, 'name': 'um003', 'units': 'particles/cm³', 'displayName': None}]"
83,GN,Guinea,2020-05-01T02:00:00Z,2025-02-12T12:00:00Z,"[{'id': 2, 'name': 'pm25', 'units': 'µg/m³', 'displayName': None}]"
86,SD,Sudan,2020-05-14T14:00:00Z,2025-01-13T23:00:00Z,"[{'id': 1, 'name': 'pm10', 'units': 'µg/m³', 'displayName': None}, {'id': 2, 'name': 'pm25', 'units': 'µg/m³', 'displayName': None}, {'id': 19, 'name': 'pm1', 'units': 'µg/m³', 'displayName': None}, {'id': 98, 'name': 'relativehumidity', 'units': '%', 'displayName': None}, {'id': 100, 'name': 'temperature', 'units': 'c', 'displayName': None}, {'id': 125, 'name': 'um003', 'units': 'particles/cm³', 'displayName': None}]"
89,AT,Austria,2016-11-18T05:00:00Z,2025-02-12T11:00:00Z,"[{'id': 1, 'name': 'pm10', 'units': 'µg/m³', 'displayName': None}, {'id': 2, 'name': 'pm25', 'units': 'µg/m³', 'displayName': None}, {'id': 3, 'name': 'o3', 'units': 'µg/m³', 'displayName': None}, {'id': 4, 'name': 'co', 'units': 'µg/m³', 'displayName': None}, {'id': 5, 'name': 'no2', 'units': 'µg/m³', 'displayName': None}, {'id': 6, 'name': 'so2', 'units': 'µg/m³', 'displayName': None}, {'id': 19, 'name': 'pm1', 'units': 'µg/m³', 'displayName': None}, {'id': 98, 'name': 'relativehumidity', 'units': '%', 'displayName': None}, {'id': 100, 'name': 'temperature', 'units': 'c', 'displayName': None}, {'id': 125, 'name': 'um003', 'units': 'particles/cm³', 'displayName': None}, {'id': 19843, 'name': 'no', 'units': 'µg/m³', 'displayName': None}]"
90,IQ,Iraq,2019-03-10T16:00:00Z,2025-02-12T12:00:00Z,"[{'id': 2, 'name': 'pm25', 'units': 'µg/m³', 'displayName': None}]"
91,IT,Italy,2017-11-01T23:00:00Z,2025-02-12T10:00:00Z,"[{'id': 1, 'name': 'pm10', 'units': 'µg/m³', 'displayName': None}, {'id': 2, 'name': 'pm25', 'units': 'µg/m³', 'displayName': None}, {'id': 3, 'name': 'o3', 'units': 'µg/m³', 'displayName': None}, {'id': 4, 'name': 'co', 'units': 'µg/m³', 'displayName': None}, {'id': 5, 'name': 'no2', 'units': 'µg/m³', 'displayName': None}, {'id': 6, 'name': 'so2', 'units': 'µg/m³', 'displayName': None}, {'id': 19, 'name': 'pm1', 'units': 'µg/m³', 'displayName': None}, {'id': 27, 'name': 'nox', 'units': 'µg/m³', 'displayName': None}, {'id': 98, 'name': 'relativehumidity', 'units': '%', 'displayName': None}, {'id': 100, 'name': 'temperature', 'units': 'c', 'displayName': None}, {'id': 125, 'name': 'um003', 'units': 'particles/cm³', 'displayName': None}, {'id': 19843, 'name': 'no', 'units': 'µg/m³', 'displayName': None}]"
92,CH,Switzerland,2016-11-18T05:00:00Z,2025-02-12T10:00:00Z,"[{'id': 1, 'name': 'pm10', 'units': 'µg/m³', 'displayName': None}, {'id': 2, 'name': 'pm25', 'units': 'µg/m³', 'displayName': None}, {'id': 3, 'name': 'o3', 'units': 'µg/m³', 'displayName': None}, {'id': 4, 'name': 'co', 'units': 'µg/m³', 'displayName': None}, {'id': 5, 'name': 'no2', 'units': 'µg/m³', 'displayName': None}, {'id': 6, 'name': 'so2', 'units': 'µg/m³', 'displayName': None}, {'id': 19, 'name': 'pm1', 'units': 'µg/m³', 'displayName': None}, {'id': 98, 'name': 'relativehumidity', 'units': '%', 'displayName': None}, {'id': 100, 'name': 'temperature', 'units': 'c', 'displayName': None}, {'id': 125, 'name': 'um003', 'units': 'particles/cm³', 'displayName': None}, {'id': 19843, 'name': 'no', 'units': 'µg/m³', 'displayName': None}]"
94,NL,Netherlands,2016-01-30T01:00:00Z,2025-02-12T12:00:00Z,"[{'id': 1, 'name': 'pm10', 'units': 'µg/m³', 'displayName': None}, {'id': 2, 'name': 'pm25', 'units': 'µg/m³', 'displayName': None}, {'id': 3, 'name': 'o3', 'units': 'µg/m³', 'displayName': None}, {'id': 4, 'name': 'co', 'units': 'µg/m³', 'displayName': None}, {'id': 5, 'name': 'no2', 'units': 'µg/m³', 'displayName': None}, {'id': 6, 'name': 'so2', 'units': 'µg/m³', 'displayName': None}, {'id': 19, 'name': 'pm1', 'units': 'µg/m³', 'displayName': None}, {'id': 98, 'name': 'relativehumidity', 'units': '%', 'displayName': None}, {'id': 100, 'name': 'temperature', 'units': 'c', 'displayName': None}, {'id': 125, 'name': 'um003', 'units': 'particles/cm³', 'displayName': None}, {'id': 19843, 'name': 'no', 'units': 'µg/m³', 'displayName': None}]"
96,CI,Côte d'Ivoire,2020-03-15T21:00:00Z,2025-02-12T12:00:00Z,"[{'id': 2, 'name': 'pm25', 'units': 'µg/m³', 'displayName': None}]"
97,RS,Serbia,2017-09-22T09:00:00Z,2025-02-12T12:00:00Z,"[{'id': 1, 'name': 'pm10', 'units': 'µg/m³', 'displayName': None}, {'id': 2, 'name': 'pm25', 'units': 'µg/m³', 'displayName': None}, {'id': 3, 'name': 'o3', 'units': 'µg/m³', 'displayName': None}, {'id': 4, 'name': 'co', 'units': 'µg/m³', 'displayName': None}, {'id': 5, 'name': 'no2', 'units': 'µg/m³', 'displayName': None}, {'id': 6, 'name': 'so2', 'units': 'µg/m³', 'displayName': None}, {'id': 19, 'name': 'pm1', 'units': 'µg/m³', 'displayName': None}, {'id': 98, 'name': 'relativehumidity', 'units': '%', 'displayName': None}, {'id': 100, 'name': 'temperature', 'units': 'c', 'displayName': None}, {'id': 125, 'name': 'um003', 'units': 'particles/cm³', 'displayName': None}]"
98,ML,Mali,2020-03-16T05:00:00Z,2025-02-12T12:00:00Z,"[{'id': 2, 'name': 'pm25', 'units': 'µg/m³', 'displayName': None}]"
99,SN,Senegal,2023-09-05T08:00:00Z,2025-01-13T23:00:00Z,"[{'id': 1, 'name': 'pm10', 'units': 'µg/m³', 'displayName': None}, {'id': 2, 'name': 'pm25', 'units': 'µg/m³', 'displayName': None}, {'id': 19, 'name': 'pm1', 'units': 'µg/m³', 'displayName': None}, {'id': 98, 'name': 'relativehumidity', 'units': '%', 'displayName': None}, {'id': 100, 'name': 'temperature', 'units': 'c', 'displayName': None}, {'id': 125, 'name': 'um003', 'units': 'particles/cm³', 'displayName': None}]"
100,NG,Nigeria,2019-04-26T08:00:00Z,2025-02-12T12:00:00Z,"[{'id': 1, 'name': 'pm10', 'units': 'µg/m³', 'displayName': None}, {'id': 2, 'name': 'pm25', 'units': 'µg/m³', 'displayName': None}, {'id': 19, 'name': 'pm1', 'units': 'µg/m³', 'displayName': None}, {'id': 100, 'name': 'temperature', 'units': 'c', 'displayName': None}, {'id': 128, 'name': 'temperature', 'units': 'f', 'displayName': None}]"
103,HR,Croatia,2016-11-17T22:00:00Z,2025-02-12T10:00:00Z,"[{'id': 1, 'name': 'pm10', 'units': 'µg/m³', 'displayName': None}, {'id': 2, 'name': 'pm25', 'units': 'µg/m³', 'displayName': None}, {'id': 3, 'name': 'o3', 'units': 'µg/m³', 'displayName': None}, {'id': 4, 'name': 'co', 'units': 'µg/m³', 'displayName': None}, {'id': 5, 'name': 'no2', 'units': 'µg/m³', 'displayName': None}, {'id': 6, 'name': 'so2', 'units': 'µg/m³', 'displayName': None}, {'id': 15, 'name': 'no2', 'units': 'ppb', 'displayName': None}, {'id': 19, 'name': 'pm1', 'units': 'µg/m³', 'displayName': None}, {'id': 24, 'name': 'no', 'units': 'ppb', 'displayName': None}, {'id': 98, 'name': 'relativehumidity', 'units': '%', 'displayName': None}, {'id': 100, 'name': 'temperature', 'units': 'c', 'displayName': None}, {'id': 101, 'name': 'so2', 'units': 'ppb', 'displayName': None}, {'id': 102, 'name': 'co', 'units': 'ppb', 'displayName': None}, {'id': 125, 'name': 'um003', 'units': 'particles/cm³', 'displayName': None}]"
104,SI,Slovenia,2016-11-17T22:00:00Z,2025-02-12T11:00:00Z,"[{'id': 1, 'name': 'pm10', 'units': 'µg/m³', 'displayName': None}, {'id': 2, 'name': 'pm25', 'units': 'µg/m³', 'displayName': None}, {'id': 3, 'name': 'o3', 'units': 'µg/m³', 'displayName': None}, {'id': 4, 'name': 'co', 'units': 'µg/m³', 'displayName': None}, {'id': 5, 'name': 'no2', 'units': 'µg/m³', 'displayName': None}, {'id': 6, 'name': 'so2', 'units': 'µg/m³', 'displayName': None}, {'id': 19, 'name': 'pm1', 'units': 'µg/m³', 'displayName': None}, {'id': 98, 'name': 'relativehumidity', 'units': '%', 'displayName': None}, {'id': 100, 'name': 'temperature', 'units': 'c', 'displayName': None}, {'id': 125, 'name': 'um003', 'units': 'particles/cm³', 'displayName': None}, {'id': 19843, 'name': 'no', 'units': 'µg/m³', 'displayName': None}]"
105,QA,Qatar,2022-04-11T15:00:00Z,2025-02-12T12:00:00Z,"[{'id': 2, 'name': 'pm25', 'units': 'µg/m³', 'displayName': None}, {'id': 10, 'name': 'o3', 'units': 'ppm', 'displayName': None}]"
106,SA,Saudi Arabia,2019-07-15T19:00:00Z,2025-02-12T12:00:00Z,"[{'id': 1, 'name': 'pm10', 'units': 'µg/m³', 'displayName': None}, {'id': 2, 'name': 'pm25', 'units': 'µg/m³', 'displayName': None}, {'id': 4, 'name': 'co', 'units': 'µg/m³', 'displayName': None}, {'id': 5, 'name': 'no2', 'units': 'µg/m³', 'displayName': None}, {'id': 6, 'name': 'so2', 'units': 'µg/m³', 'displayName': None}, {'id': 19, 'name': 'pm1', 'units': 'µg/m³', 'displayName': None}, {'id': 98, 'name': 'relativehumidity', 'units': '%', 'displayName': None}, {'id': 100, 'name': 'temperature', 'units': 'c', 'displayName': None}, {'id': 125, 'name': 'um003', 'units': 'particles/cm³', 'displayName': None}]"
109,PK,Pakistan,2019-05-22T22:00:00Z,2025-02-12T12:00:00Z,"[{'id': 1, 'name': 'pm10', 'units': 'µg/m³', 'displayName': None}, {'id': 2, 'name': 'pm25', 'units': 'µg/m³', 'displayName': None}, {'id': 19, 'name': 'pm1', 'units': 'µg/m³', 'displayName': None}, {'id': 98, 'name': 'relativehumidity', 'units': '%', 'displayName': None}, {'id': 100, 'name': 'temperature', 'units': 'c', 'displayName': None}, {'id': 125, 'name': 'um003', 'units': 'particles/cm³', 'displayName': None}, {'id': 128, 'name': 'temperature', 'units': 'f', 'displayName': None}]"
110,BG,Bulgaria,2020-04-20T18:00:00Z,2025-02-12T12:29:00Z,"[{'id': 1, 'name': 'pm10', 'units': 'µg/m³', 'displayName': None}, {'id': 2, 'name': 'pm25', 'units': 'µg/m³', 'displayName': None}, {'id': 3, 'name': 'o3', 'units': 'µg/m³', 'displayName': None}, {'id': 4, 'name': 'co', 'units': 'µg/m³', 'displayName': None}, {'id': 5, 'name': 'no2', 'units': 'µg/m³', 'displayName': None}, {'id': 6, 'name': 'so2', 'units': 'µg/m³', 'displayName': None}, {'id': 15, 'name': 'no2', 'units': 'ppb', 'displayName': None}, {'id': 19, 'name': 'pm1', 'units': 'µg/m³', 'displayName': None}, {'id': 95, 'name': 'pressure', 'units': 'hpa', 'displayName': None}, {'id': 98, 'name': 'relativehumidity', 'units': '%', 'displayName': None}, {'id': 100, 'name': 'temperature', 'units': 'c', 'displayName': None}, {'id': 101, 'name': 'so2', 'units': 'ppb', 'displayName': None}, {'id': 102, 'name': 'co', 'units': 'ppb', 'displayName': None}, {'id': 125, 'name': 'um003', 'units': 'particles/cm³', 'displayName': None}, {'id': 128, 'name': 'temperature', 'units': 'f', 'displayName': None}, {'id': 132, 'name': 'pressure', 'units': 'mb', 'displayName': None}, {'id': 134, 'name': 'humidity', 'units': '%', 'displayName': None}, {'id': 19843, 'name': 'no', 'units': 'µg/m³', 'displayName': None}, {'id': 19844, 'name': 'pm4', 'units': 'µg/m³', 'displayName': None}]"
111,TH,Thailand,2016-01-30T01:00:00Z,2025-02-12T12:00:00Z,"[{'id': 1, 'name': 'pm10', 'units': 'µg/m³', 'displayName': None}, {'id': 2, 'name': 'pm25', 'units': 'µg/m³', 'displayName': None}, {'id': 7, 'name': 'no2', 'units': 'ppm', 'displayName': None}, {'id': 8, 'name': 'co', 'units': 'ppm', 'displayName': None}, {'id': 9, 'name': 'so2', 'units': 'ppm', 'displayName': None}, {'id': 10, 'name': 'o3', 'units': 'ppm', 'displayName': None}, {'id': 19, 'name': 'pm1', 'units': 'µg/m³', 'displayName': None}, {'id': 98, 'name': 'relativehumidity', 'units': '%', 'displayName': None}, {'id': 100, 'name': 'temperature', 'units': 'c', 'displayName': None}, {'id': 125, 'name': 'um003', 'units': 'particles/cm³', 'displayName': None}, {'id': 128, 'name': 'temperature', 'units': 'f', 'displayName': None}]"
112,SM,San Marino,2017-11-01T23:00:00Z,2025-02-11T21:00:00Z,"[{'id': 1, 'name': 'pm10', 'units': 'µg/m³', 'displayName': None}, {'id': 3, 'name': 'o3', 'units': 'µg/m³', 'displayName': None}, {'id': 5, 'name': 'no2', 'units': 'µg/m³', 'displayName': None}]"
115,TD,Chad,2020-08-02T20:00:00Z,2025-02-12T12:00:00Z,"[{'id': 2, 'name': 'pm25', 'units': 'µg/m³', 'displayName': None}]"
116,KW,Kuwait,2017-02-17T21:00:00Z,2025-02-12T12:00:00Z,"[{'id': 2, 'name': 'pm25', 'units': 'µg/m³', 'displayName': None}]"
199,TT,Trinidad and Tobago,2023-03-30T10:00:00Z,2025-02-12T11:00:00Z,"[{'id': 1, 'name': 'pm10', 'units': 'µg/m³', 'displayName': None}, {'id': 2, 'name': 'pm25', 'units': 'µg/m³', 'displayName': None}, {'id': 3, 'name': 'o3', 'units': 'µg/m³', 'displayName': None}, {'id': 4, 'name': 'co', 'units': 'µg/m³', 'displayName': None}, {'id': 5, 'name': 'no2', 'units': 'µg/m³', 'displayName': None}, {'id': 6, 'name': 'so2', 'units': 'µg/m³', 'displayName': None}]"
118,GT,Guatemala,2019-10-20T21:00:00Z,2025-02-12T12:00:00Z,"[{'id': 1, 'name': 'pm10', 'units': 'µg/m³', 'displayName': None}, {'id': 2, 'name': 'pm25', 'units': 'µg/m³', 'displayName': None}, {'id': 10, 'name': 'o3', 'units': 'ppm', 'displayName': None}]"
126,RW,Rwanda,2020-12-28T23:00:00Z,2025-02-12T06:00:00Z,"[{'id': 1, 'name': 'pm10', 'units': 'µg/m³', 'displayName': None}, {'id': 2, 'name': 'pm25', 'units': 'µg/m³', 'displayName': None}, {'id': 7, 'name': 'no2', 'units': 'ppm', 'displayName': None}, {'id': 8, 'name': 'co', 'units': 'ppm', 'displayName': None}]"
127,MM,Myanmar,2019-06-16T08:00:00Z,2025-02-12T11:30:00Z,"[{'id': 2, 'name': 'pm25', 'units': 'µg/m³', 'displayName': None}, {'id': 10, 'name': 'o3', 'units': 'ppm', 'displayName': None}]"
128,BD,Bangladesh,2016-03-10T22:00:00Z,2025-02-12T12:00:00Z,"[{'id': 1, 'name': 'pm10', 'units': 'µg/m³', 'displayName': None}, {'id': 2, 'name': 'pm25', 'units': 'µg/m³', 'displayName': None}, {'id': 10, 'name': 'o3', 'units': 'ppm', 'displayName': None}, {'id': 19, 'name': 'pm1', 'units': 'µg/m³', 'displayName': None}, {'id': 98, 'name': 'relativehumidity', 'units': '%', 'displayName': None}, {'id': 100, 'name': 'temperature', 'units': 'c', 'displayName': None}, {'id': 125, 'name': 'um003', 'units': 'particles/cm³', 'displayName': None}]"
129,AD,Andorra,2017-09-14T23:00:00Z,2025-02-12T07:00:00Z,"[{'id': 1, 'name': 'pm10', 'units': 'µg/m³', 'displayName': None}, {'id': 2, 'name': 'pm25', 'units': 'µg/m³', 'displayName': None}, {'id': 3, 'name': 'o3', 'units': 'µg/m³', 'displayName': None}, {'id': 4, 'name': 'co', 'units': 'µg/m³', 'displayName': None}, {'id': 5, 'name': 'no2', 'units': 'µg/m³', 'displayName': None}, {'id': 6, 'name': 'so2', 'units': 'µg/m³', 'displayName': None}, {'id': 19843, 'name': 'no', 'units': 'µg/m³', 'displayName': None}]"
130,AF,Afghanistan,2019-10-20T23:00:00Z,2021-08-16T18:00:00Z,"[{'id': 2, 'name': 'pm25', 'units': 'µg/m³', 'displayName': None}]"
131,ME,Montenegro,2022-03-24T14:00:00Z,2025-02-03T13:00:00Z,"[{'id': 1, 'name': 'pm10', 'units': 'µg/m³', 'displayName': None}, {'id': 2, 'name': 'pm25', 'units': 'µg/m³', 'displayName': None}, {'id': 3, 'name': 'o3', 'units': 'µg/m³', 'displayName': None}, {'id': 4, 'name': 'co', 'units': 'µg/m³', 'displayName': None}, {'id': 5, 'name': 'no2', 'units': 'µg/m³', 'displayName': None}, {'id': 6, 'name': 'so2', 'units': 'µg/m³', 'displayName': None}]"
132,BA,Bosnia and Herzegovina,2016-04-26T22:00:00Z,2025-02-12T12:00:00Z,"[{'id': 1, 'name': 'pm10', 'units': 'µg/m³', 'displayName': None}, {'id': 2, 'name': 'pm25', 'units': 'µg/m³', 'displayName': None}, {'id': 3, 'name': 'o3', 'units': 'µg/m³', 'displayName': None}, {'id': 4, 'name': 'co', 'units': 'µg/m³', 'displayName': None}, {'id': 5, 'name': 'no2', 'units': 'µg/m³', 'displayName': None}, {'id': 6, 'name': 'so2', 'units': 'µg/m³', 'displayName': None}, {'id': 19, 'name': 'pm1', 'units': 'µg/m³', 'displayName': None}, {'id': 98, 'name': 'relativehumidity', 'units': '%', 'displayName': None}, {'id': 100, 'name': 'temperature', 'units': 'c', 'displayName': None}, {'id': 125, 'name': 'um003', 'units': 'particles/cm³', 'displayName': None}]"
133,UG,Uganda,2017-02-18T02:00:00Z,2025-02-12T12:00:00Z,"[{'id': 2, 'name': 'pm25', 'units': 'µg/m³', 'displayName': None}]"
136,HN,Honduras,2024-11-30T18:00:00Z,2025-01-13T23:00:00Z,"[{'id': 1, 'name': 'pm10', 'units': 'µg/m³', 'displayName': None}, {'id': 2, 'name': 'pm25', 'units': 'µg/m³', 'displayName': None}, {'id': 19, 'name': 'pm1', 'units': 'µg/m³', 'displayName': None}, {'id': 98, 'name': 'relativehumidity', 'units': '%', 'displayName': None}, {'id': 100, 'name': 'temperature', 'units': 'c', 'displayName': None}, {'id': 125, 'name': 'um003', 'units': 'particles/cm³', 'displayName': None}]"
137,EC,Ecuador,2020-12-29T05:00:00Z,2024-12-13T22:00:00Z,"[{'id': 1, 'name': 'pm10', 'units': 'µg/m³', 'displayName': None}, {'id': 2, 'name': 'pm25', 'units': 'µg/m³', 'displayName': None}, {'id': 3, 'name': 'o3', 'units': 'µg/m³', 'displayName': None}, {'id': 7, 'name': 'no2', 'units': 'ppm', 'displayName': None}, {'id': 8, 'name': 'co', 'units': 'ppm', 'displayName': None}, {'id': 9, 'name': 'so2', 'units': 'ppm', 'displayName': None}, {'id': 19, 'name': 'pm1', 'units': 'µg/m³', 'displayName': None}, {'id': 98, 'name': 'relativehumidity', 'units': '%', 'displayName': None}, {'id': 100, 'name': 'temperature', 'units': 'c', 'displayName': None}, {'id': 125, 'name': 'um003', 'units': 'particles/cm³', 'displayName': None}]"
138,CO,Colombia,2016-03-17T15:00:00Z,2025-02-12T12:00:00Z,"[{'id': 1, 'name': 'pm10', 'units': 'µg/m³', 'displayName': None}, {'id': 2, 'name': 'pm25', 'units': 'µg/m³', 'displayName': None}, {'id': 7, 'name': 'no2', 'units': 'ppm', 'displayName': None}, {'id': 8, 'name': 'co', 'units': 'ppm', 'displayName': None}, {'id': 9, 'name': 'so2', 'units': 'ppm', 'displayName': None}, {'id': 10, 'name': 'o3', 'units': 'ppm', 'displayName': None}, {'id': 19, 'name': 'pm1', 'units': 'µg/m³', 'displayName': None}, {'id': 98, 'name': 'relativehumidity', 'units': '%', 'displayName': None}, {'id': 100, 'name': 'temperature', 'units': 'c', 'displayName': None}, {'id': 125, 'name': 'um003', 'units': 'particles/cm³', 'displayName': None}]"
139,PY,Paraguay,2023-10-02T20:00:00Z,2025-02-12T12:00:00Z,"[{'id': 2, 'name': 'pm25', 'units': 'µg/m³', 'displayName': None}]"
141,PT,Portugal,2017-09-21T23:00:00Z,2025-02-12T10:00:00Z,"[{'id': 1, 'name': 'pm10', 'units': 'µg/m³', 'displayName': None}, {'id': 2, 'name': 'pm25', 'units': 'µg/m³', 'displayName': None}, {'id': 3, 'name': 'o3', 'units': 'µg/m³', 'displayName': None}, {'id': 4, 'name': 'co', 'units': 'µg/m³', 'displayName': None}, {'id': 5, 'name': 'no2', 'units': 'µg/m³', 'displayName': None}, {'id': 6, 'name': 'so2', 'units': 'µg/m³', 'displayName': None}, {'id': 19, 'name': 'pm1', 'units': 'µg/m³', 'displayName': None}, {'id': 98, 'name': 'relativehumidity', 'units': '%', 'displayName': None}, {'id': 100, 'name': 'temperature', 'units': 'c', 'displayName': None}, {'id': 125, 'name': 'um003', 'units': 'particles/cm³', 'displayName': None}]"
